as_of_date,entity_id,segment,TAM,CAGR,HHI,volatility,landed_cost,expected_price,platform_fee,required_capital,forward_return_rate,benchmark_return_rate
2019-01-01,OPP-GEN-001,Portable Generator,154098334.61,0.0886,2019.01,0.1634,43.81,83.71,9.37,140000,0.0773,0.0238
2019-01-01,OPP-AUTO-001,Auto Parts,170781435.4,0.1032,2401.93,0.1316,34.84,75.37,8.11,120000,0.1275,0.0371
2019-01-01,OPP-CIGAR-001,Cigar Accessories,81941198.92,0.0682,3110.09,0.2319,18.77,39.93,6.28,80000,0.1237,-0.0026
2019-01-01,OPP-EDC-001,EDC,95834346.15,0.1483,2637.34,0.2184,27.1,58.48,7.33,90000,0.1497,0.0342
2019-01-01,OPP-CAMP-001,Camping Gear,133984206.75,0.1228,2330.21,0.1946,32.2,66.52,7.91,110000,0.1353,-0.0036
2019-01-01,OPP-LIGHT-001,Tactical Light,86414567.94,0.0804,2820.07,0.2181,23.79,51.65,6.91,85000,0.1398,0.0649
2019-02-01,OPP-GEN-001,Portable Generator,154448364.54,0.1026,1981.61,0.1937,40.44,81.52,9.44,140000,0.1646,0.0346
2019-02-01,OPP-AUTO-001,Auto Parts,174569224.82,0.1182,2499.36,0.1437,34.0,73.14,7.93,120000,0.1247,0.0654
2019-02-01,OPP-CIGAR-001,Cigar Accessories,82269864.36,0.0756,3055.96,0.2137,20.29,41.05,5.95,80000,0.1061,0.0349
2019-02-01,OPP-EDC-001,EDC,96518460.33,0.142,2743.22,0.194,25.24,60.89,7.08,90000,0.1338,-0.0062
2019-02-01,OPP-CAMP-001,Camping Gear,131358789.5,0.1231,2305.15,0.1853,29.42,68.61,8.4,110000,0.1906,0.0677
2019-02-01,OPP-LIGHT-001,Tactical Light,88248458.41,0.0783,2979.46,0.2209,24.36,51.17,7.15,85000,0.109,0.0248
2019-03-01,OPP-GEN-001,Portable Generator,153854815.23,0.1109,2235.31,0.1658,42.42,80.04,9.39,140000,0.182,0.0139
2019-03-01,OPP-AUTO-001,Auto Parts,174679484.85,0.1126,2275.02,0.1758,36.56,76.23,8.1,120000,0.09,0.0159
2019-03-01,OPP-CIGAR-001,Cigar Accessories,80325912.79,0.0903,3136.34,0.2399,18.68,39.57,6.24,80000,0.2081,-0.0031
2019-03-01,OPP-EDC-001,EDC,97370811.96,0.1297,2693.82,0.216,24.91,58.16,7.1,90000,0.15,0.0598
2019-03-01,OPP-CAMP-001,Camping Gear,132887014.52,0.1131,2214.15,0.2038,30.01,68.18,8.4,110000,0.2024,0.025
2019-03-01,OPP-LIGHT-001,Tactical Light,87518400.22,0.0809,2800.89,0.2003,24.54,51.0,6.91,85000,0.1029,0.0405
2019-04-01,OPP-GEN-001,Portable Generator,153119579.29,0.1097,2229.47,0.1543,40.88,83.66,8.88,140000,0.1007,0.0648
2019-04-01,OPP-AUTO-001,Auto Parts,174672976.24,0.1093,2502.46,0.1784,34.8,71.69,8.04,120000,0.1443,0.0274
2019-04-01,OPP-CIGAR-001,Cigar Accessories,82235526.59,0.0842,3174.3,0.1959,18.93,40.61,6.23,80000,0.1146,0.0052
2019-04-01,OPP-EDC-001,EDC,97456923.83,0.1381,2520.28,0.185,27.8,57.99,7.27,90000,0.167,-0.006
2019-04-01,OPP-CAMP-001,Camping Gear,135471115.52,0.1281,2368.84,0.2156,32.82,67.27,8.07,110000,0.1226,0.0221
2019-04-01,OPP-LIGHT-001,Tactical Light,86482797.46,0.0871,3074.71,0.1959,25.19,52.05,7.03,85000,0.226,0.0696
2019-05-01,OPP-GEN-001,Portable Generator,161149322.7,0.1052,1975.73,0.1678,45.18,82.99,9.12,140000,0.2019,0.0146
2019-05-01,OPP-AUTO-001,Auto Parts,182091932.37,0.1101,2526.98,0.1394,38.68,71.57,7.88,120000,0.1861,0.064
2019-05-01,OPP-CIGAR-001,Cigar Accessories,84464601.58,0.0709,3140.5,0.2048,19.44,41.65,6.02,80000,0.2049,0.0518
2019-05-01,OPP-EDC-001,EDC,103002036.4,0.1329,2677.83,0.1843,25.88,59.19,6.96,90000,0.1952,0.0701
2019-05-01,OPP-CAMP-001,Camping Gear,137373623.32,0.119,2379.44,0.2198,29.46,67.56,7.93,110000,0.28,0.0805
2019-05-01,OPP-LIGHT-001,Tactical Light,92345273.44,0.0869,2776.79,0.23,24.92,52.78,7.34,85000,0.2268,0.0106
2019-06-01,OPP-GEN-001,Portable Generator,162674534.23,0.0952,2158.82,0.2063,40.27,79.57,8.81,140000,0.1904,0.0318
2019-06-01,OPP-AUTO-001,Auto Parts,182550356.59,0.1152,2293.3,0.1681,35.17,74.29,8.34,120000,0.2485,0.0174
2019-06-01,OPP-CIGAR-001,Cigar Accessories,85091996.4,0.0746,2821.28,0.2363,19.55,40.33,6.18,80000,0.1893,0.0442
2019-06-01,OPP-EDC-001,EDC,100478428.92,0.1298,2737.92,0.2242,26.43,60.04,7.12,90000,0.1701,0.0202
2019-06-01,OPP-CAMP-001,Camping Gear,138589198.57,0.1296,2306.6,0.2116,33.04,67.54,7.92,110000,0.1477,0.0724
2019-06-01,OPP-LIGHT-001,Tactical Light,92534115.61,0.0878,2943.44,0.1893,25.68,53.97,7.34,85000,0.2485,0.0805
2019-07-01,OPP-GEN-001,Portable Generator,153100256.58,0.1057,2039.59,0.2058,44.2,85.1,9.31,140000,0.1052,0.053
2019-07-01,OPP-AUTO-001,Auto Parts,173292502.04,0.1189,2529.09,0.1433,37.96,74.11,7.96,120000,0.1871,0.0082
2019-07-01,OPP-CIGAR-001,Cigar Accessories,80992214.51,0.0726,2938.17,0.2419,20.43,40.39,6.13,80000,0.1198,0.0685
2019-07-01,OPP-EDC-001,EDC,98302474.25,0.1505,2461.52,0.2282,25.09,60.7,6.94,90000,0.1376,0.0248
2019-07-01,OPP-CAMP-001,Camping Gear,135186751.14,0.1155,2238.24,0.1907,30.81,69.82,7.92,110000,0.2142,-0.0099
2019-07-01,OPP-LIGHT-001,Tactical Light,89299518.44,0.0909,2978.99,0.2245,24.81,51.62,6.83,85000,0.1876,0.0164
2019-08-01,OPP-GEN-001,Portable Generator,154754707.75,0.1084,2179.11,0.168,41.3,81.73,9.02,140000,0.1148,0.0002
2019-08-01,OPP-AUTO-001,Auto Parts,175282343.25,0.1206,2463.83,0.1842,36.94,73.04,8.11,120000,0.077,0.013
2019-08-01,OPP-CIGAR-001,Cigar Accessories,82155524.85,0.0819,3055.69,0.2179,19.04,40.15,6.05,80000,0.2038,0.0537
2019-08-01,OPP-EDC-001,EDC,97420892.7,0.13,2605.56,0.208,25.66,59.95,7.21,90000,0.2079,0.008
2019-08-01,OPP-CAMP-001,Camping Gear,133326502.33,0.1086,2108.14,0.1885,32.83,66.69,8.03,110000,0.1789,0.0056
2019-08-01,OPP-LIGHT-001,Tactical Light,88870375.22,0.0899,2807.83,0.2194,22.58,53.43,7.22,85000,0.1327,0.024
2019-09-01,OPP-GEN-001,Portable Generator,154422873.07,0.111,2106.46,0.153,40.95,84.98,9.06,140000,0.1971,0.0434
2019-09-01,OPP-AUTO-001,Auto Parts,178611435.38,0.1123,2562.01,0.1835,36.93,75.83,8.08,120000,0.203,0.0338
2019-09-01,OPP-CIGAR-001,Cigar Accessories,83469131.93,0.0858,2990.88,0.2056,18.52,41.71,6.19,80000,0.1642,0.0401
2019-09-01,OPP-EDC-001,EDC,97925316.49,0.1299,2522.86,0.1863,25.6,58.5,6.87,90000,0.1432,0.0455
2019-09-01,OPP-CAMP-001,Camping Gear,135633804.95,0.1095,2166.74,0.1926,30.94,67.52,8.03,110000,0.2323,0.0367
2019-09-01,OPP-LIGHT-001,Tactical Light,89044180.68,0.0986,2995.61,0.2028,22.58,51.57,7.21,85000,0.2288,0.0663
2019-10-01,OPP-GEN-001,Portable Generator,155863448.96,0.1059,2116.61,0.1862,40.78,80.34,9.04,140000,0.0756,0.0169
2019-10-01,OPP-AUTO-001,Auto Parts,177340494.9,0.1077,2279.42,0.158,34.48,75.18,7.78,120000,0.1551,0.0352
2019-10-01,OPP-CIGAR-001,Cigar Accessories,81492671.03,0.0834,2868.85,0.2177,17.99,40.76,5.92,80000,0.1393,0.0509
2019-10-01,OPP-EDC-001,EDC,98428631.07,0.146,2719.49,0.1851,24.74,55.78,7.09,90000,0.2443,0.018
2019-10-01,OPP-CAMP-001,Camping Gear,135675579.25,0.1267,2254.63,0.2053,33.26,67.48,7.77,110000,0.1139,0.0001
2019-10-01,OPP-LIGHT-001,Tactical Light,89151371.35,0.0915,2798.47,0.222,25.14,50.71,7.13,85000,0.1894,-0.0008
2019-11-01,OPP-GEN-001,Portable Generator,164234750.46,0.1112,1958.92,0.1515,41.31,83.72,9.42,140000,0.173,0.0672
2019-11-01,OPP-AUTO-001,Auto Parts,181523981.51,0.1146,2445.81,0.1361,37.73,76.7,8.14,120000,0.1417,0.0887
2019-11-01,OPP-CIGAR-001,Cigar Accessories,86795282.95,0.0763,2974.22,0.2122,19.21,40.62,6.23,80000,0.2321,0.0184
2019-11-01,OPP-EDC-001,EDC,104254715.45,0.1433,2718.33,0.2124,26.03,59.51,7.33,90000,0.1864,0.0747
2019-11-01,OPP-CAMP-001,Camping Gear,140853455.08,0.1196,2176.81,0.2039,30.3,71.53,8.29,110000,0.1735,0.0805
2019-11-01,OPP-LIGHT-001,Tactical Light,91723799.48,0.0892,2939.72,0.2027,22.66,53.9,6.89,85000,0.1915,0.0738
2019-12-01,OPP-GEN-001,Portable Generator,162317575.62,0.1091,2172.43,0.1666,39.54,85.72,8.79,140000,0.236,0.0491
2019-12-01,OPP-AUTO-001,Auto Parts,185455364.43,0.1146,2452.53,0.1594,37.84,71.66,7.9,120000,0.2048,0.0345
2019-12-01,OPP-CIGAR-001,Cigar Accessories,86464626.74,0.0794,3011.13,0.2155,19.84,40.58,6.16,80000,0.1488,0.0301
2019-12-01,OPP-EDC-001,EDC,101980728.3,0.1326,2463.04,0.2022,27.21,56.65,6.91,90000,0.1988,0.068
2019-12-01,OPP-CAMP-001,Camping Gear,142883960.23,0.1206,2121.88,0.166,29.98,67.65,7.87,110000,0.155,0.0527
2019-12-01,OPP-LIGHT-001,Tactical Light,91980181.9,0.1014,2919.21,0.2218,22.98,53.98,7.06,85000,0.28,0.0559
2020-01-01,OPP-GEN-001,Portable Generator,157027695.79,0.0986,1986.37,0.1531,45.01,82.25,9.32,140000,0.1106,-0.0041
2020-01-01,OPP-AUTO-001,Auto Parts,178129589.96,0.0993,2273.71,0.1638,35.37,77.66,7.84,120000,0.2093,0.0385
2020-01-01,OPP-CIGAR-001,Cigar Accessories,83863222.44,0.0734,3008.13,0.217,19.04,42.53,6.3,80000,0.1326,0.0397
2020-01-01,OPP-EDC-001,EDC,99694314.88,0.1458,2761.13,0.1825,25.21,59.13,6.88,90000,0.1404,-0.004
2020-01-01,OPP-CAMP-001,Camping Gear,133876756.4,0.1188,2233.77,0.1775,30.14,70.63,8.21,110000,0.1835,0.045
2020-01-01,OPP-LIGHT-001,Tactical Light,90351125.16,0.0969,2945.02,0.2197,25.7,51.91,7.09,85000,0.1773,0.0627
2020-02-01,OPP-GEN-001,Portable Generator,158998834.89,0.0897,1979.73,0.1685,43.88,82.92,8.94,140000,0.0819,0.0451
2020-02-01,OPP-AUTO-001,Auto Parts,178848601.85,0.1206,2400.17,0.1596,34.25,71.31,8.04,120000,0.1321,0.01
2020-02-01,OPP-CIGAR-001,Cigar Accessories,82306664.14,0.0911,3120.95,0.2245,20.39,43.05,6.14,80000,0.1189,-0.0068
2020-02-01,OPP-EDC-001,EDC,100321430.36,0.1393,2654.54,0.225,25.1,58.74,7.15,90000,0.1823,-0.0027
2020-02-01,OPP-CAMP-001,Camping Gear,135532803.45,0.116,2261.25,0.2115,30.57,70.55,7.94,110000,0.251,0.0551
2020-02-01,OPP-LIGHT-001,Tactical Light,89540255.05,0.0889,2833.23,0.1994,25.82,51.81,7.08,85000,0.2237,0.0426
2020-03-01,OPP-GEN-001,Portable Generator,157988060.21,0.0979,1987.53,0.1717,47.29,80.88,9.28,140000,-0.0333,0.0039
2020-03-01,OPP-AUTO-001,Auto Parts,180395281.99,0.1085,2471.37,0.1373,41.62,72.88,7.91,120000,-0.0273,0.0041
2020-03-01,OPP-CIGAR-001,Cigar Accessories,83604538.47,0.0702,3177.21,0.2448,20.61,38.56,6.22,80000,0.0176,0.0173
2020-03-01,OPP-EDC-001,EDC,99790083.72,0.1346,2720.5,0.2288,27.41,56.82,7.0,90000,0.1187,0.0007
2020-03-01,OPP-CAMP-001,Camping Gear,137936891.55,0.1287,2119.45,0.2074,33.42,69.97,8.08,110000,0.1137,-0.0174
2020-03-01,OPP-LIGHT-001,Tactical Light,89052187.44,0.0921,3079.6,0.2094,24.98,50.88,6.98,85000,0.0654,0.0035
2020-04-01,OPP-GEN-001,Portable Generator,157892352.47,0.0957,1987.91,0.1918,46.2,77.98,9.29,140000,-0.0607,0.0196
2020-04-01,OPP-AUTO-001,Auto Parts,179577446.38,0.1175,2358.99,0.1698,40.86,75.35,8.08,120000,-0.0316,0.0002
2020-04-01,OPP-CIGAR-001,Cigar Accessories,83861843.86,0.0889,3134.71,0.2164,20.78,39.82,6.17,80000,0.0132,0.0124
2020-04-01,OPP-EDC-001,EDC,98943821.98,0.1393,2768.91,0.1903,29.04,57.33,7.27,90000,0.0973,0.0287
2020-04-01,OPP-CAMP-001,Camping Gear,136197637.78,0.1156,2278.74,0.2056,35.41,64.39,7.8,110000,0.0545,0.0337
2020-04-01,OPP-LIGHT-001,Tactical Light,91073204.44,0.0959,2876.23,0.1859,26.61,52.44,7.04,85000,0.0797,0.0323
2020-05-01,OPP-GEN-001,Portable Generator,162498858.0,0.1071,2025.61,0.1725,43.7,80.18,9.14,140000,0.1062,-0.0064
2020-05-01,OPP-AUTO-001,Auto Parts,183639583.84,0.1189,2443.1,0.1444,41.32,69.77,8.06,120000,0.0143,0.0004
2020-05-01,OPP-CIGAR-001,Cigar Accessories,85877117.68,0.0873,3144.44,0.2307,19.8,39.76,5.99,80000,0.0899,0.0311
2020-05-01,OPP-EDC-001,EDC,103853468.28,0.134,2724.31,0.182,27.92,56.46,6.92,90000,0.1049,0.026
2020-05-01,OPP-CAMP-001,Camping Gear,144288622.02,0.1151,2372.06,0.1995,32.81,67.68,8.2,110000,0.1378,-0.0161
2020-05-01,OPP-LIGHT-001,Tactical Light,93736913.14,0.0899,3045.5,0.1972,27.16,51.2,6.99,85000,0.101,0.0297
2020-06-01,OPP-GEN-001,Portable Generator,165746604.73,0.1053,2157.31,0.2003,46.53,82.93,9.2,140000,0.033,0.0153
2020-06-01,OPP-AUTO-001,Auto Parts,186617762.48,0.1156,2252.45,0.1477,40.49,69.99,7.84,120000,0.0615,0.0577
2020-06-01,OPP-CIGAR-001,Cigar Accessories,87323896.84,0.0899,3118.97,0.2054,21.57,39.91,6.21,80000,0.0921,0.0071
2020-06-01,OPP-EDC-001,EDC,103140598.94,0.1511,2470.67,0.228,29.65,57.72,7.34,90000,0.1503,0.0444
2020-06-01,OPP-CAMP-001,Camping Gear,142036415.7,0.127,2025.01,0.1922,33.59,68.35,8.19,110000,0.1131,0.0458
2020-06-01,OPP-LIGHT-001,Tactical Light,94794370.59,0.0806,2804.18,0.1815,27.45,50.99,7.3,85000,0.0367,-0.0149
2020-07-01,OPP-GEN-001,Portable Generator,160535927.38,0.1098,2028.79,0.1745,43.66,83.24,8.95,140000,0.0355,-0.0322
2020-07-01,OPP-AUTO-001,Auto Parts,181583111.37,0.1013,2383.31,0.1702,40.47,75.12,8.03,120000,0.0688,-0.0276
2020-07-01,OPP-CIGAR-001,Cigar Accessories,83922615.94,0.0704,2996.16,0.2145,21.91,38.25,6.0,80000,-0.0044,0.036
2020-07-01,OPP-EDC-001,EDC,101593023.57,0.1304,2666.84,0.2027,30.08,55.81,7.01,90000,-0.0086,-0.0302
2020-07-01,OPP-CAMP-001,Camping Gear,138883093.42,0.1189,2258.6,0.1985,34.21,64.3,8.26,110000,0.0047,-0.0299
2020-07-01,OPP-LIGHT-001,Tactical Light,90458485.86,0.0796,2995.46,0.1924,25.21,52.43,6.97,85000,0.0149,0.032
2020-08-01,OPP-GEN-001,Portable Generator,157028185.31,0.1086,1972.09,0.1578,44.31,77.55,9.21,140000,-0.0543,-0.0388
2020-08-01,OPP-AUTO-001,Auto Parts,181422419.49,0.1037,2336.56,0.1405,36.98,73.76,8.1,120000,0.0837,-0.0019
2020-08-01,OPP-CIGAR-001,Cigar Accessories,84979921.92,0.0803,2859.26,0.2202,21.89,38.29,6.2,80000,0.0533,0.0017
2020-08-01,OPP-EDC-001,EDC,100620645.01,0.1511,2441.9,0.1987,27.98,57.52,7.06,90000,0.1155,-0.0341
2020-08-01,OPP-CAMP-001,Camping Gear,136066777.72,0.1226,2043.65,0.1765,34.37,67.58,7.97,110000,0.1241,0.0024
2020-08-01,OPP-LIGHT-001,Tactical Light,90341808.7,0.0925,2755.7,0.2221,27.35,51.41,7.22,85000,0.0705,-0.0228
2020-09-01,OPP-GEN-001,Portable Generator,159424730.36,0.0935,2042.02,0.1772,45.29,76.96,9.04,140000,0.0287,-0.0101
2020-09-01,OPP-AUTO-001,Auto Parts,178426354.36,0.1202,2244.17,0.1799,37.19,69.46,8.23,120000,0.075,0.0045
2020-09-01,OPP-CIGAR-001,Cigar Accessories,84672704.1,0.0815,2938.67,0.1973,20.32,40.59,6.18,80000,0.0873,0.0177
2020-09-01,OPP-EDC-001,EDC,102317091.96,0.1424,2546.59,0.2047,27.29,57.37,6.92,90000,0.0087,0.0276
2020-09-01,OPP-CAMP-001,Camping Gear,137487595.42,0.1263,2226.68,0.2084,35.29,70.22,8.28,110000,0.0733,0.0114
2020-09-01,OPP-LIGHT-001,Tactical Light,89389310.12,0.1003,3018.61,0.196,25.09,51.65,6.96,85000,0.039,-0.0395
2020-10-01,OPP-GEN-001,Portable Generator,161679861.59,0.1016,2064.28,0.1585,43.2,78.95,9.27,140000,0.083,0.0236
2020-10-01,OPP-AUTO-001,Auto Parts,179764703.9,0.1069,2479.77,0.1766,36.7,71.61,7.79,120000,0.0971,0.0394
2020-10-01,OPP-CIGAR-001,Cigar Accessories,85051963.03,0.0745,3058.3,0.2191,19.04,40.37,6.18,80000,0.0936,0.0244
2020-10-01,OPP-EDC-001,EDC,100498744.62,0.1443,2595.19,0.21,24.61,57.74,7.13,90000,0.1143,0.0141
2020-10-01,OPP-CAMP-001,Camping Gear,137127160.6,0.1113,2111.99,0.1797,29.17,70.88,7.87,110000,0.1817,0.0463
2020-10-01,OPP-LIGHT-001,Tactical Light,90816692.59,0.098,3010.23,0.1843,25.46,50.12,6.8,85000,0.2106,0.059
2020-11-01,OPP-GEN-001,Portable Generator,166822280.1,0.1018,2175.42,0.1751,40.16,78.87,8.96,140000,0.2226,0.0595
2020-11-01,OPP-AUTO-001,Auto Parts,189693136.04,0.1201,2251.73,0.1807,35.07,74.96,8.1,120000,0.1896,0.0348
2020-11-01,OPP-CIGAR-001,Cigar Accessories,87673202.67,0.076,2880.53,0.2206,18.16,41.24,6.25,80000,0.1802,0.0682
2020-11-01,OPP-EDC-001,EDC,106189708.89,0.1476,2505.06,0.1788,25.16,58.82,7.22,90000,0.2446,0.0242
2020-11-01,OPP-CAMP-001,Camping Gear,145012849.32,0.1199,2291.6,0.2056,31.09,71.98,8.12,110000,0.2482,0.06
2020-11-01,OPP-LIGHT-001,Tactical Light,95473611.75,0.0931,2774.34,0.1841,24.05,51.34,6.94,85000,0.1463,0.0506
2020-12-01,OPP-GEN-001,Portable Generator,165898396.51,0.0988,1940.48,0.1999,39.93,85.1,9.35,140000,0.2149,0.0506
2020-12-01,OPP-AUTO-001,Auto Parts,188104236.21,0.1113,2505.05,0.1838,36.11,76.43,8.18,120000,0.1777,0.0481
2020-12-01,OPP-CIGAR-001,Cigar Accessories,87373118.25,0.0695,2857.26,0.2439,18.77,42.0,6.06,80000,0.1558,0.0298
2020-12-01,OPP-EDC-001,EDC,105265009.33,0.1385,2608.19,0.1795,25.8,57.16,7.02,90000,0.1902,0.0578
2020-12-01,OPP-CAMP-001,Camping Gear,145346692.26,0.1235,2043.73,0.1657,32.08,68.0,8.22,110000,0.231,0.0825
2020-12-01,OPP-LIGHT-001,Tactical Light,95673458.31,0.086,2929.79,0.1885,23.74,54.45,7.18,85000,0.2084,0.0576
2021-01-01,OPP-GEN-001,Portable Generator,162926710.23,0.0954,2055.6,0.1975,44.26,83.67,9.33,140000,0.1664,0.0448
2021-01-01,OPP-AUTO-001,Auto Parts,181788565.03,0.1135,2372.43,0.1517,35.67,72.24,7.9,120000,0.2154,0.0289
2021-01-01,OPP-CIGAR-001,Cigar Accessories,84443295.89,0.0713,2847.78,0.2407,18.13,42.2,6.22,80000,0.2214,-0.007
2021-01-01,OPP-EDC-001,EDC,101244087.25,0.1464,2467.18,0.1926,25.03,60.02,7.22,90000,0.2316,0.0032
2021-01-01,OPP-CAMP-001,Camping Gear,138841447.09,0.1179,2263.49,0.1743,31.07,68.01,8.24,110000,0.1681,0.0327
2021-01-01,OPP-LIGHT-001,Tactical Light,90840995.25,0.0974,2888.85,0.2301,23.8,54.35,7.34,85000,0.176,0.0125
2021-02-01,OPP-GEN-001,Portable Generator,160650706.82,0.1007,2267.86,0.199,44.19,79.74,8.91,140000,0.1421,0.0599
2021-02-01,OPP-AUTO-001,Auto Parts,182286338.91,0.1005,2524.52,0.1811,35.28,76.12,7.93,120000,0.2243,0.0018
2021-02-01,OPP-CIGAR-001,Cigar Accessories,85126182.5,0.0907,2899.93,0.2171,18.79,39.46,5.85,80000,0.1481,0.0089
2021-02-01,OPP-EDC-001,EDC,103373904.53,0.137,2430.15,0.2258,27.49,59.07,7.23,90000,0.1164,0.013
2021-02-01,OPP-CAMP-001,Camping Gear,140685641.56,0.1247,2069.97,0.2023,31.09,66.27,7.81,110000,0.1373,0.0568
2021-02-01,OPP-LIGHT-001,Tactical Light,91648843.21,0.0955,2910.0,0.1867,23.53,51.33,6.82,85000,0.1625,0.0535
2021-03-01,OPP-GEN-001,Portable Generator,161310578.32,0.0907,2245.85,0.1858,39.58,82.52,8.9,140000,0.1054,0.0243
2021-03-01,OPP-AUTO-001,Auto Parts,182952750.31,0.1038,2369.96,0.1699,34.27,77.53,7.8,120000,0.1817,0.0306
2021-03-01,OPP-CIGAR-001,Cigar Accessories,86645295.45,0.0813,2960.56,0.2182,19.55,42.98,5.94,80000,0.0932,0.0531
2021-03-01,OPP-EDC-001,EDC,101659719.33,0.1456,2646.17,0.2163,27.12,57.42,6.81,90000,0.1722,0.0551
2021-03-01,OPP-CAMP-001,Camping Gear,138321858.29,0.1267,2187.26,0.2017,31.88,71.28,7.8,110000,0.2228,0.0266
2021-03-01,OPP-LIGHT-001,Tactical Light,91150688.39,0.0791,2791.81,0.1825,25.7,52.33,7.34,85000,0.1629,0.0103
2021-04-01,OPP-GEN-001,Portable Generator,162997802.77,0.0926,2048.51,0.1969,44.57,81.17,8.82,140000,0.1073,0.0612
2021-04-01,OPP-AUTO-001,Auto Parts,183977365.45,0.1195,2359.19,0.1884,36.34,74.35,8.35,120000,0.1562,0.0541
2021-04-01,OPP-CIGAR-001,Cigar Accessories,86166620.06,0.0699,3036.88,0.2393,19.31,40.55,5.86,80000,0.1718,0.0145
2021-04-01,OPP-EDC-001,EDC,102613707.59,0.1382,2668.32,0.1911,24.59,60.22,6.99,90000,0.2635,0.012
2021-04-01,OPP-CAMP-001,Camping Gear,141825709.66,0.1307,2047.01,0.1983,30.72,71.21,8.19,110000,0.2519,0.0014
2021-04-01,OPP-LIGHT-001,Tactical Light,92155992.46,0.0968,2732.53,0.184,25.18,51.63,7.0,85000,0.1697,0.0384
2021-05-01,OPP-GEN-001,Portable Generator,169162638.56,0.1108,2053.92,0.1958,42.85,82.63,9.02,140000,0.1993,0.03
2021-05-01,OPP-AUTO-001,Auto Parts,188020605.22,0.1157,2399.66,0.1532,36.67,72.78,7.93,120000,0.1811,0.0897
2021-05-01,OPP-CIGAR-001,Cigar Accessories,88524519.12,0.09,2996.83,0.1974,20.13,41.03,6.25,80000,0.1723,0.017
2021-05-01,OPP-EDC-001,EDC,106962872.03,0.1483,2535.05,0.1908,24.68,58.51,7.29,90000,0.2737,0.0669
2021-05-01,OPP-CAMP-001,Camping Gear,147241844.32,0.1233,2305.73,0.1905,29.67,67.49,7.85,110000,0.2652,0.0121
2021-05-01,OPP-LIGHT-001,Tactical Light,95710616.59,0.0869,3009.32,0.2131,24.62,50.32,6.96,85000,0.2684,0.0675
2021-06-01,OPP-GEN-001,Portable Generator,168759484.79,0.1065,2216.4,0.1544,50.24,82.23,9.05,140000,0.0744,0.0226
2021-06-01,OPP-AUTO-001,Auto Parts,192384290.8,0.1167,2450.33,0.1409,43.03,72.81,8.34,120000,-0.0026,0.0049
2021-06-01,OPP-CIGAR-001,Cigar Accessories,88362418.05,0.072,2936.16,0.2326,21.06,42.22,6.25,80000,0.1367,0.015
2021-06-01,OPP-EDC-001,EDC,107021067.85,0.1412,2465.06,0.1882,29.5,57.43,6.88,90000,0.1597,0.0073
2021-06-01,OPP-CAMP-001,Camping Gear,146430106.15,0.1253,2237.85,0.2106,35.31,70.33,7.78,110000,0.0471,0.0463
2021-06-01,OPP-LIGHT-001,Tactical Light,95946676.05,0.0936,2996.11,0.205,27.59,51.47,7.14,85000,0.0592,0.0715
2021-07-01,OPP-GEN-001,Portable Generator,162670693.4,0.1073,2166.6,0.1678,44.95,77.93,9.05,140000,0.0188,-0.0087
2021-07-01,OPP-AUTO-001,Auto Parts,184309966.38,0.1055,2478.61,0.1741,42.5,76.43,7.84,120000,0.0212,0.0199
2021-07-01,OPP-CIGAR-001,Cigar Accessories,85655025.08,0.0792,2916.29,0.2049,20.4,39.82,6.0,80000,0.0577,-0.0051
2021-07-01,OPP-EDC-001,EDC,103974004.06,0.1318,2537.88,0.2047,28.7,58.79,7.07,90000,0.0706,0.0149
2021-07-01,OPP-CAMP-001,Camping Gear,139930332.74,0.1086,2360.28,0.1903,37.06,66.54,7.99,110000,-0.0192,0.0146
2021-07-01,OPP-LIGHT-001,Tactical Light,93409376.22,0.0937,2889.41,0.2122,28.29,51.16,7.28,85000,0.0718,0.0361
2021-08-01,OPP-GEN-001,Portable Generator,162436608.69,0.0976,2125.3,0.1617,47.77,78.03,9.09,140000,0.0429,-0.0026
2021-08-01,OPP-AUTO-001,Auto Parts,186667726.18,0.1143,2262.77,0.1885,40.15,75.22,7.98,120000,0.1088,0.0354
2021-08-01,OPP-CIGAR-001,Cigar Accessories,85523682.39,0.0802,3000.03,0.1927,20.5,39.97,6.05,80000,0.035,0.0235
2021-08-01,OPP-EDC-001,EDC,103141586.85,0.1359,2640.7,0.1798,31.17,58.67,6.96,90000,0.0282,0.0413
2021-08-01,OPP-CAMP-001,Camping Gear,141098006.12,0.125,2127.92,0.2089,34.46,69.39,8.39,110000,0.0804,0.0387
2021-08-01,OPP-LIGHT-001,Tactical Light,93170855.92,0.0945,2729.59,0.2085,28.69,52.8,7.22,85000,0.0572,0.0327
2021-09-01,OPP-GEN-001,Portable Generator,163758383.24,0.0921,2146.45,0.1872,49.47,78.58,9.22,140000,-0.0672,0.0509
2021-09-01,OPP-AUTO-001,Auto Parts,182401951.49,0.0985,2332.93,0.1391,41.64,72.66,8.26,120000,0.0865,0.0448
2021-09-01,OPP-CIGAR-001,Cigar Accessories,87008159.69,0.0695,2869.71,0.2024,21.0,41.19,6.07,80000,0.0178,-0.0111
2021-09-01,OPP-EDC-001,EDC,104503645.03,0.1362,2547.54,0.2163,30.18,58.17,7.18,90000,0.0696,-0.0096
2021-09-01,OPP-CAMP-001,Camping Gear,140217006.92,0.1214,2100.95,0.2184,34.15,67.0,7.89,110000,0.0931,0.0004
2021-09-01,OPP-LIGHT-001,Tactical Light,92352840.38,0.1004,3006.35,0.1964,25.85,52.31,7.0,85000,0.1354,0.0405
2021-10-01,OPP-GEN-001,Portable Generator,165793931.21,0.1073,2024.56,0.1673,48.72,80.05,9.05,140000,-0.0252,0.0133
2021-10-01,OPP-AUTO-001,Auto Parts,183235857.04,0.1109,2555.89,0.1718,38.85,74.03,8.14,120000,0.0134,0.0286
2021-10-01,OPP-CIGAR-001,Cigar Accessories,86668362.06,0.0833,2838.9,0.2148,22.05,39.12,6.19,80000,-0.0525,0.019
2021-10-01,OPP-EDC-001,EDC,104749553.06,0.1378,2756.61,0.2227,29.3,55.85,7.33,90000,0.0235,0.0267
2021-10-01,OPP-CAMP-001,Camping Gear,143143906.57,0.1101,2226.69,0.1921,36.0,71.02,8.34,110000,0.0203,0.0456
2021-10-01,OPP-LIGHT-001,Tactical Light,92072082.19,0.1001,3078.98,0.2038,27.1,53.52,7.33,85000,0.1214,0.0451
2021-11-01,OPP-GEN-001,Portable Generator,167908092.33,0.1016,1958.63,0.209,46.19,84.79,9.12,140000,0.0772,0.0701
2021-11-01,OPP-AUTO-001,Auto Parts,193993063.63,0.1092,2289.41,0.1368,38.98,72.99,7.92,120000,0.0422,0.0539
2021-11-01,OPP-CIGAR-001,Cigar Accessories,90751288.45,0.0816,3092.62,0.2005,22.42,42.06,6.22,80000,0.0762,0.0019
2021-11-01,OPP-EDC-001,EDC,108101612.21,0.1324,2470.62,0.1894,28.46,56.17,6.92,90000,0.1349,0.0713
2021-11-01,OPP-CAMP-001,Camping Gear,146335822.28,0.1253,2024.12,0.1992,35.87,65.59,7.84,110000,0.0611,0.0274
2021-11-01,OPP-LIGHT-001,Tactical Light,96630654.04,0.0995,2973.28,0.1987,25.83,53.43,6.96,85000,0.1303,0.0125
2021-12-01,OPP-GEN-001,Portable Generator,168796094.84,0.0917,2189.18,0.1863,46.97,81.54,9.07,140000,0.0686,0.0481
2021-12-01,OPP-AUTO-001,Auto Parts,191021661.02,0.1039,2491.71,0.1824,38.57,72.91,8.21,120000,0.0274,0.0401
2021-12-01,OPP-CIGAR-001,Cigar Accessories,89121924.8,0.0811,3001.98,0.2244,20.54,39.96,6.07,80000,0.0266,0.0114
2021-12-01,OPP-EDC-001,EDC,108044454.17,0.1302,2603.74,0.2185,29.21,57.49,7.05,90000,0.0372,0.032
2021-12-01,OPP-CAMP-001,Camping Gear,148633799.72,0.1254,2162.54,0.209,36.1,68.8,7.79,110000,0.0783,0.0001
2021-12-01,OPP-LIGHT-001,Tactical Light,98104486.46,0.1004,2744.85,0.236,25.55,51.05,7.22,85000,0.1397,0.0733
2022-01-01,OPP-GEN-001,Portable Generator,165288345.8,0.0981,2277.43,0.1729,49.63,84.18,9.0,140000,0.045,0.0279
2022-01-01,OPP-AUTO-001,Auto Parts,186056326.39,0.1137,2345.2,0.1407,40.87,73.45,8.23,120000,-0.0035,-0.0247
2022-01-01,OPP-CIGAR-001,Cigar Accessories,85909928.91,0.0752,3062.46,0.2227,21.55,41.78,5.94,80000,0.0221,-0.0029
2022-01-01,OPP-EDC-001,EDC,105361986.46,0.1454,2460.62,0.2186,29.09,58.81,7.28,90000,-0.0036,-0.0085
2022-01-01,OPP-CAMP-001,Camping Gear,140703604.79,0.1088,2235.2,0.2022,33.07,69.8,8.02,110000,0.0436,-0.0076
2022-01-01,OPP-LIGHT-001,Tactical Light,94416247.84,0.0794,2901.4,0.1974,28.18,52.56,6.97,85000,0.0649,0.0288
2022-02-01,OPP-GEN-001,Portable Generator,164086092.79,0.0952,1971.57,0.1896,45.82,79.71,8.77,140000,0.0871,0.0454
2022-02-01,OPP-AUTO-001,Auto Parts,188360782.74,0.113,2373.79,0.1597,43.06,76.2,8.19,120000,0.0735,0.0005
2022-02-01,OPP-CIGAR-001,Cigar Accessories,87042158.6,0.0716,2955.53,0.2353,21.4,41.88,5.96,80000,0.0746,0.0395
2022-02-01,OPP-EDC-001,EDC,105491339.05,0.1415,2768.4,0.2034,28.05,56.08,6.9,90000,0.0828,0.0488
2022-02-01,OPP-CAMP-001,Camping Gear,143971476.21,0.1102,2280.85,0.1714,34.03,69.39,8.15,110000,0.1251,-0.0099
2022-02-01,OPP-LIGHT-001,Tactical Light,94322878.54,0.0954,2921.19,0.2088,28.36,50.7,7.33,85000,-0.0315,0.05
2022-03-01,OPP-GEN-001,Portable Generator,167378660.64,0.0908,2279.85,0.1787,40.91,83.18,8.88,140000,0.2087,0.0342
2022-03-01,OPP-AUTO-001,Auto Parts,187996447.88,0.1071,2412.11,0.1516,35.16,74.46,8.08,120000,0.1059,0.0685
2022-03-01,OPP-CIGAR-001,Cigar Accessories,87336946.44,0.0882,3149.16,0.2122,18.96,41.44,5.93,80000,0.1082,0.0109
2022-03-01,OPP-EDC-001,EDC,105746189.26,0.1419,2570.33,0.1791,25.64,57.66,7.26,90000,0.1743,0.0424
2022-03-01,OPP-CAMP-001,Camping Gear,143587083.38,0.1142,2315.77,0.218,31.92,69.29,7.87,110000,0.2181,0.0035
2022-03-01,OPP-LIGHT-001,Tactical Light,94389627.72,0.0897,3050.08,0.2125,24.72,50.19,6.81,85000,0.2068,0.0656
2022-04-01,OPP-GEN-001,Portable Generator,166322202.28,0.1063,2068.46,0.2006,40.84,83.94,8.74,140000,0.1547,0.0199
2022-04-01,OPP-AUTO-001,Auto Parts,187518634.99,0.114,2441.95,0.159,36.3,71.08,8.11,120000,0.0753,0.0324
2022-04-01,OPP-CIGAR-001,Cigar Accessories,87021862.21,0.0915,2826.17,0.2388,19.65,42.33,6.26,80000,0.0979,-0.0023
2022-04-01,OPP-EDC-001,EDC,103631758.61,0.1326,2609.52,0.2189,25.41,57.75,7.0,90000,0.1651,0.0352
2022-04-01,OPP-CAMP-001,Camping Gear,145082736.79,0.1134,2266.25,0.2109,31.98,71.57,8.25,110000,0.125,0.0203
2022-04-01,OPP-LIGHT-001,Tactical Light,94123131.8,0.0793,2723.4,0.1903,24.24,51.95,7.23,85000,0.1768,0.0586
2022-05-01,OPP-GEN-001,Portable Generator,170168432.53,0.1007,1935.32,0.1627,44.58,85.27,9.07,140000,0.1142,0.0159
2022-05-01,OPP-AUTO-001,Auto Parts,196484320.25,0.1196,2422.86,0.132,38.52,73.13,8.38,120000,0.1889,0.0702
2022-05-01,OPP-CIGAR-001,Cigar Accessories,91543270.04,0.0776,2847.7,0.1997,18.5,42.44,6.01,80000,0.263,0.0365
2022-05-01,OPP-EDC-001,EDC,109531491.24,0.1314,2775.85,0.2134,26.26,60.77,6.82,90000,0.2165,0.0771
2022-05-01,OPP-CAMP-001,Camping Gear,148099182.84,0.1265,2363.75,0.1838,32.5,66.42,7.93,110000,0.2713,0.0492
2022-05-01,OPP-LIGHT-001,Tactical Light,97299341.56,0.1006,2875.47,0.2208,24.78,50.32,7.14,85000,0.2373,0.067
2022-06-01,OPP-GEN-001,Portable Generator,170416476.74,0.0917,2176.2,0.188,45.93,80.24,8.81,140000,0.0412,0.0247
2022-06-01,OPP-AUTO-001,Auto Parts,193864566.86,0.1045,2267.7,0.1412,37.9,73.99,8.02,120000,0.074,0.0283
2022-06-01,OPP-CIGAR-001,Cigar Accessories,90182938.08,0.0824,2936.79,0.2131,19.59,40.38,5.86,80000,0.1965,0.0724
2022-06-01,OPP-EDC-001,EDC,110381828.81,0.1417,2481.05,0.1928,26.25,56.67,7.07,90000,0.101,0.0348
2022-06-01,OPP-CAMP-001,Camping Gear,148690831.41,0.1196,2047.69,0.1751,31.76,69.43,8.14,110000,0.129,0.0086
2022-06-01,OPP-LIGHT-001,Tactical Light,97340297.11,0.1008,2839.6,0.2172,26.46,50.94,6.98,85000,0.1855,0.0688
2022-07-01,OPP-GEN-001,Portable Generator,168675148.0,0.0913,2035.44,0.2068,42.76,80.22,9.42,140000,0.1494,0.0033
2022-07-01,OPP-AUTO-001,Auto Parts,188973528.28,0.1098,2427.32,0.1445,37.54,75.74,8.01,120000,0.0544,0.0251
2022-07-01,OPP-CIGAR-001,Cigar Accessories,88294878.5,0.0811,3065.42,0.223,21.34,40.65,6.16,80000,0.0722,0.0033
2022-07-01,OPP-EDC-001,EDC,105818935.72,0.1477,2706.44,0.1945,27.56,58.41,6.93,90000,0.1432,0.0372
2022-07-01,OPP-CAMP-001,Camping Gear,145078088.59,0.1098,2376.65,0.1888,32.43,68.7,8.35,110000,0.1505,0.0235
2022-07-01,OPP-LIGHT-001,Tactical Light,95279503.22,0.0866,3042.38,0.2122,25.9,49.8,7.22,85000,0.1197,0.0084
2022-08-01,OPP-GEN-001,Portable Generator,167463549.29,0.0891,2274.1,0.1906,43.93,83.45,9.43,140000,0.0787,-0.0192
2022-08-01,OPP-AUTO-001,Auto Parts,187033376.44,0.1103,2406.77,0.1648,38.54,73.27,8.01,120000,0.1323,0.0271
2022-08-01,OPP-CIGAR-001,Cigar Accessories,88233145.82,0.0763,2828.84,0.1963,19.92,42.5,5.88,80000,0.1718,-0.0087
2022-08-01,OPP-EDC-001,EDC,104894957.61,0.1389,2494.47,0.199,27.47,57.39,7.18,90000,0.09,0.004
2022-08-01,OPP-CAMP-001,Camping Gear,145430947.47,0.1108,2325.7,0.1989,33.63,66.57,8.39,110000,0.072,-0.006
2022-08-01,OPP-LIGHT-001,Tactical Light,93790758.28,0.0914,3065.05,0.1939,25.12,50.26,7.15,85000,0.0979,-0.0177
2022-09-01,OPP-GEN-001,Portable Generator,167620597.26,0.0927,2133.19,0.1733,45.72,79.42,9.27,140000,0.1094,-0.015
2022-09-01,OPP-AUTO-001,Auto Parts,186559198.26,0.1189,2287.31,0.1496,37.95,72.05,8.31,120000,0.0952,0.0311
2022-09-01,OPP-CIGAR-001,Cigar Accessories,88634548.24,0.0827,3031.32,0.2109,21.06,41.23,6.21,80000,0.116,0.0038
2022-09-01,OPP-EDC-001,EDC,105980584.48,0.13,2468.22,0.1771,26.85,56.06,7.18,90000,0.1155,0.0135
2022-09-01,OPP-CAMP-001,Camping Gear,142996226.54,0.1172,2086.87,0.1981,33.7,69.56,8.4,110000,0.1265,0.0192
2022-09-01,OPP-LIGHT-001,Tactical Light,93914382.85,0.0855,2882.36,0.1832,24.97,49.44,6.87,85000,0.1507,0.0571
2022-10-01,OPP-GEN-001,Portable Generator,167425286.79,0.0999,2166.49,0.1749,46.52,81.51,8.79,140000,0.0063,0.0409
2022-10-01,OPP-AUTO-001,Auto Parts,187908472.03,0.1046,2413.54,0.1401,37.94,75.25,8.25,120000,0.1101,-0.0109
2022-10-01,OPP-CIGAR-001,Cigar Accessories,87610948.36,0.0866,3116.38,0.212,21.0,39.1,6.17,80000,0.0797,0.0592
2022-10-01,OPP-EDC-001,EDC,104671104.33,0.1479,2690.48,0.1879,29.38,57.45,6.99,90000,0.1475,0.0151
2022-10-01,OPP-CAMP-001,Camping Gear,146705709.89,0.1266,2105.3,0.2086,33.24,67.73,8.21,110000,0.1345,-0.0067
2022-10-01,OPP-LIGHT-001,Tactical Light,94087580.31,0.083,2794.5,0.1836,24.94,50.72,7.09,85000,0.0871,0.0363
2022-11-01,OPP-GEN-001,Portable Generator,172930399.58,0.0944,2228.89,0.2091,45.57,78.6,9.42,140000,0.1431,0.0735
2022-11-01,OPP-AUTO-001,Auto Parts,198935552.68,0.1188,2265.68,0.182,36.9,75.04,8.29,120000,0.1847,0.0541
2022-11-01,OPP-CIGAR-001,Cigar Accessories,91978068.47,0.0819,2916.74,0.2149,20.01,41.29,6.24,80000,0.081,0.0412
2022-11-01,OPP-EDC-001,EDC,109303983.52,0.1505,2552.87,0.227,26.93,55.11,7.22,90000,0.1813,0.0585
2022-11-01,OPP-CAMP-001,Camping Gear,150180966.01,0.1239,2148.96,0.1638,33.01,66.9,8.03,110000,0.115,0.0215
2022-11-01,OPP-LIGHT-001,Tactical Light,99602827.15,0.0861,2928.06,0.214,25.39,51.01,7.17,85000,0.0857,0.008
2022-12-01,OPP-GEN-001,Portable Generator,175540087.39,0.099,1964.73,0.2015,44.17,77.9,9.42,140000,0.0664,0.0551
2022-12-01,OPP-AUTO-001,Auto Parts,194767543.71,0.1136,2277.23,0.186,37.02,74.66,7.92,120000,0.1302,0.0723
2022-12-01,OPP-CIGAR-001,Cigar Accessories,91345191.69,0.0775,2929.98,0.232,19.43,41.37,6.16,80000,0.0753,0.0381
2022-12-01,OPP-EDC-001,EDC,109072137.39,0.1334,2664.79,0.1706,28.27,59.37,7.34,90000,0.1462,0.0106
2022-12-01,OPP-CAMP-001,Camping Gear,148890729.79,0.1172,2283.07,0.1661,32.05,71.02,7.85,110000,0.2153,0.0603
2022-12-01,OPP-LIGHT-001,Tactical Light,97943506.05,0.1018,2771.43,0.2118,23.79,52.44,7.04,85000,0.2013,0.0502
2023-01-01,OPP-GEN-001,Portable Generator,166708889.71,0.0979,2167.16,0.2016,42.09,78.64,9.27,140000,0.0952,0.0107
2023-01-01,OPP-AUTO-001,Auto Parts,192482055.73,0.1055,2270.34,0.1466,36.06,73.99,8.14,120000,0.1251,0.0423
2023-01-01,OPP-CIGAR-001,Cigar Accessories,89520571.14,0.0883,3057.03,0.2081,20.19,40.83,6.18,80000,0.0652,-0.0156
2023-01-01,OPP-EDC-001,EDC,107597862.93,0.1509,2598.16,0.1768,27.56,58.2,7.09,90000,0.1859,0.059
2023-01-01,OPP-CAMP-001,Camping Gear,147268376.09,0.1112,2329.89,0.1941,32.28,69.79,8.25,110000,0.1928,0.0416
2023-01-01,OPP-LIGHT-001,Tactical Light,94292060.02,0.0796,2814.39,0.1824,23.96,53.09,7.07,85000,0.1495,0.0201
2023-02-01,OPP-GEN-001,Portable Generator,168246758.77,0.1048,1949.67,0.1822,45.2,79.95,8.95,140000,0.0741,-0.0037
2023-02-01,OPP-AUTO-001,Auto Parts,192017315.43,0.1109,2360.66,0.1681,39.85,74.84,7.8,120000,0.1214,0.0384
2023-02-01,OPP-CIGAR-001,Cigar Accessories,90068311.56,0.0694,2851.04,0.2161,20.02,41.2,5.97,80000,0.1339,0.0393
2023-02-01,OPP-EDC-001,EDC,105505162.44,0.145,2672.54,0.1798,29.21,57.83,7.23,90000,0.1353,-0.0066
2023-02-01,OPP-CAMP-001,Camping Gear,144292261.04,0.1267,2116.76,0.2132,34.04,65.73,8.28,110000,0.0707,-0.0149
2023-02-01,OPP-LIGHT-001,Tactical Light,96304533.38,0.0918,2747.75,0.2073,24.97,51.74,7.11,85000,0.0981,0.0004
2023-03-01,OPP-GEN-001,Portable Generator,167103507.85,0.1018,2180.2,0.1637,44.57,78.22,9.35,140000,0.0317,0.0177
2023-03-01,OPP-AUTO-001,Auto Parts,190135642.24,0.1016,2555.22,0.1814,38.43,76.39,8.23,120000,0.0932,0.0057
2023-03-01,OPP-CIGAR-001,Cigar Accessories,89173991.23,0.0853,2917.65,0.1947,19.8,40.8,6.25,80000,0.0519,0.0443
2023-03-01,OPP-EDC-001,EDC,108235356.76,0.1509,2444.81,0.1979,26.77,59.51,6.97,90000,0.1383,-0.0194
2023-03-01,OPP-CAMP-001,Camping Gear,144856698.04,0.1215,2129.41,0.1974,32.7,69.22,8.08,110000,0.1637,-0.0044
2023-03-01,OPP-LIGHT-001,Tactical Light,96977170.3,0.0963,2808.25,0.1804,25.14,50.49,6.98,85000,0.1573,0.0502
2023-04-01,OPP-GEN-001,Portable Generator,171357104.72,0.088,2156.63,0.2009,43.76,79.49,9.11,140000,0.086,0.0294
2023-04-01,OPP-AUTO-001,Auto Parts,188789449.15,0.1219,2476.19,0.1356,38.48,77.02,8.09,120000,0.1801,0.0198
2023-04-01,OPP-CIGAR-001,Cigar Accessories,90711404.78,0.07,2854.41,0.198,20.04,39.64,6.09,80000,0.124,0.0671
2023-04-01,OPP-EDC-001,EDC,106242108.9,0.1343,2533.4,0.218,26.99,59.52,6.97,90000,0.1424,-0.004
2023-04-01,OPP-CAMP-001,Camping Gear,145132904.76,0.1267,2230.49,0.1693,29.85,69.13,8.02,110000,0.1929,0.0672
2023-04-01,OPP-LIGHT-001,Tactical Light,95324159.64,0.0854,2815.4,0.1872,23.09,53.13,7.25,85000,0.2097,-0.0068
2023-05-01,OPP-GEN-001,Portable Generator,177332050.09,0.0959,1952.84,0.1649,41.57,82.51,9.22,140000,0.1499,0.0893
2023-05-01,OPP-AUTO-001,Auto Parts,195988180.99,0.1077,2382.79,0.1749,35.1,74.12,8.27,120000,0.1498,0.011
2023-05-01,OPP-CIGAR-001,Cigar Accessories,93800715.94,0.0916,2867.06,0.2394,18.85,41.69,6.13,80000,0.2098,0.0307
2023-05-01,OPP-EDC-001,EDC,112051476.45,0.1285,2443.21,0.2241,26.05,56.35,7.3,90000,0.2515,0.0365
2023-05-01,OPP-CAMP-001,Camping Gear,150117639.2,0.1191,2080.48,0.1944,32.71,68.69,7.78,110000,0.2361,0.0238
2023-05-01,OPP-LIGHT-001,Tactical Light,99038850.52,0.0825,2820.75,0.233,22.68,52.82,6.93,85000,0.1979,0.043
2023-06-01,OPP-GEN-001,Portable Generator,176315702.29,0.0895,2020.72,0.1582,40.65,85.25,9.11,140000,0.2151,0.0742
2023-06-01,OPP-AUTO-001,Auto Parts,200347942.78,0.1217,2501.49,0.1515,36.58,74.27,8.34,120000,0.1923,0.0411
2023-06-01,OPP-CIGAR-001,Cigar Accessories,92364347.05,0.0757,2898.85,0.2437,19.93,39.58,6.3,80000,0.1758,0.0713
2023-06-01,OPP-EDC-001,EDC,112796840.9,0.1514,2456.05,0.2094,25.41,59.94,7.3,90000,0.1626,0.0897
2023-06-01,OPP-CAMP-001,Camping Gear,151096034.58,0.1283,2307.06,0.1813,32.78,71.49,7.87,110000,0.2321,0.0745
2023-06-01,OPP-LIGHT-001,Tactical Light,100489734.13,0.0999,2730.15,0.222,25.74,52.56,7.11,85000,0.1558,0.089
2023-07-01,OPP-GEN-001,Portable Generator,171964562.57,0.0998,2031.26,0.1794,40.01,80.44,8.89,140000,0.1504,-0.0099
2023-07-01,OPP-AUTO-001,Auto Parts,194343954.98,0.1028,2266.98,0.173,38.47,76.66,7.97,120000,0.0847,0.0369
2023-07-01,OPP-CIGAR-001,Cigar Accessories,91062371.4,0.0866,3124.73,0.2416,20.42,40.74,6.27,80000,0.1202,-0.0019
2023-07-01,OPP-EDC-001,EDC,107021189.55,0.1313,2476.7,0.2269,27.32,60.69,7.15,90000,0.1298,0.0675
2023-07-01,OPP-CAMP-001,Camping Gear,147910112.8,0.1303,2303.32,0.1734,31.7,67.33,7.96,110000,0.197,0.0002
2023-07-01,OPP-LIGHT-001,Tactical Light,97228113.72,0.1008,3061.53,0.2035,25.9,54.44,6.81,85000,0.184,0.0637
2023-08-01,OPP-GEN-001,Portable Generator,172674022.34,0.0933,2123.6,0.2062,40.31,84.22,8.9,140000,0.2241,0.0034
2023-08-01,OPP-AUTO-001,Auto Parts,194522931.33,0.1001,2475.23,0.1683,38.31,74.01,7.93,120000,0.1086,-0.0046
2023-08-01,OPP-CIGAR-001,Cigar Accessories,89601378.54,0.0706,2820.46,0.2132,19.81,42.94,6.24,80000,0.1542,0.0203
2023-08-01,OPP-EDC-001,EDC,107935310.46,0.1304,2592.62,0.2218,26.81,59.27,6.88,90000,0.1156,0.0577
2023-08-01,OPP-CAMP-001,Camping Gear,146575532.62,0.1156,2362.6,0.1645,29.88,68.57,8.23,110000,0.1912,0.0618
2023-08-01,OPP-LIGHT-001,Tactical Light,95725796.37,0.0923,2940.91,0.209,22.66,54.33,6.88,85000,0.2482,0.0026
2023-09-01,OPP-GEN-001,Portable Generator,168955848.82,0.0929,1988.39,0.1918,43.73,84.11,8.92,140000,0.1085,0.009
2023-09-01,OPP-AUTO-001,Auto Parts,190485586.08,0.1117,2522.35,0.1392,35.66,73.89,7.95,120000,0.1808,0.038
2023-09-01,OPP-CIGAR-001,Cigar Accessories,89625200.01,0.0686,2881.5,0.2075,18.08,42.47,5.97,80000,0.1579,0.0291
2023-09-01,OPP-EDC-001,EDC,108469457.76,0.1302,2615.89,0.1811,27.66,57.61,7.04,90000,0.1279,0.0272
2023-09-01,OPP-CAMP-001,Camping Gear,146567493.97,0.1144,2042.19,0.2051,32.04,66.77,7.98,110000,0.1721,0.0677
2023-09-01,OPP-LIGHT-001,Tactical Light,97212877.81,0.0913,3022.69,0.2291,23.97,52.43,7.28,85000,0.1682,0.0605
2023-10-01,OPP-GEN-001,Portable Generator,171009619.61,0.0899,2245.0,0.1929,42.43,85.37,9.31,140000,0.1723,0.0396
2023-10-01,OPP-AUTO-001,Auto Parts,191206479.84,0.1162,2282.24,0.1891,38.74,76.42,7.84,120000,0.1393,0.0691
2023-10-01,OPP-CIGAR-001,Cigar Accessories,90369067.38,0.0919,3045.8,0.24,18.55,42.72,6.26,80000,0.1055,0.021
2023-10-01,OPP-EDC-001,EDC,107890223.68,0.1358,2519.43,0.1975,27.62,59.79,7.14,90000,0.173,0.0236
2023-10-01,OPP-CAMP-001,Camping Gear,147592058.44,0.1116,2231.66,0.2055,33.22,71.98,8.12,110000,0.1209,0.0129
2023-10-01,OPP-LIGHT-001,Tactical Light,97246072.39,0.0863,2867.92,0.203,24.19,52.77,6.81,85000,0.1438,0.0015
2023-11-01,OPP-GEN-001,Portable Generator,178135246.98,0.1046,1933.96,0.2034,41.43,80.47,9.27,140000,0.2363,0.0818
2023-11-01,OPP-AUTO-001,Auto Parts,198031222.67,0.1176,2329.1,0.1468,36.32,75.68,7.82,120000,0.2527,0.0208
2023-11-01,OPP-CIGAR-001,Cigar Accessories,95138579.78,0.0786,3117.3,0.2062,18.97,41.74,5.91,80000,0.1593,0.0759
2023-11-01,OPP-EDC-001,EDC,113016377.71,0.1462,2732.19,0.2193,26.32,56.51,6.96,90000,0.2076,0.0209
2023-11-01,OPP-CAMP-001,Camping Gear,154976207.27,0.1291,2030.42,0.1716,32.75,71.44,7.92,110000,0.2128,0.0834
2023-11-01,OPP-LIGHT-001,Tactical Light,101388233.62,0.0846,3016.46,0.2103,24.69,50.5,6.81,85000,0.1821,0.0575
2023-12-01,OPP-GEN-001,Portable Generator,176440764.18,0.1089,2131.28,0.171,40.44,85.32,9.27,140000,0.2237,0.0328
2023-12-01,OPP-AUTO-001,Auto Parts,200304469.77,0.1019,2426.01,0.1879,38.16,75.35,8.19,120000,0.1553,0.0428
2023-12-01,OPP-CIGAR-001,Cigar Accessories,92955328.8,0.0867,3096.33,0.1905,20.28,41.75,6.11,80000,0.1157,0.0302
2023-12-01,OPP-EDC-001,EDC,113400951.57,0.1353,2768.13,0.2086,25.98,57.65,6.99,90000,0.1791,0.0473
2023-12-01,OPP-CAMP-001,Camping Gear,154544328.55,0.1278,2162.97,0.1661,31.36,70.35,8.3,110000,0.2036,0.0618
2023-12-01,OPP-LIGHT-001,Tactical Light,101311892.28,0.0852,2758.92,0.1838,25.88,52.92,7.27,85000,0.1654,0.0669
2024-01-01,OPP-GEN-001,Portable Generator,173874538.16,0.0952,1973.97,0.1959,44.77,84.66,9.31,140000,0.1477,0.0428
2024-01-01,OPP-AUTO-001,Auto Parts,195198967.69,0.1153,2455.94,0.1898,35.15,73.83,8.01,120000,0.0954,0.0466
2024-01-01,OPP-CIGAR-001,Cigar Accessories,91197224.39,0.0726,3081.56,0.2033,19.28,42.26,6.26,80000,0.1802,0.0306
2024-01-01,OPP-EDC-001,EDC,109795532.58,0.1482,2735.54,0.1809,24.8,56.35,6.93,90000,0.2207,0.051
2024-01-01,OPP-CAMP-001,Camping Gear,147465934.8,0.1243,2140.83,0.1654,30.68,70.86,7.96,110000,0.2293,0.0165
2024-01-01,OPP-LIGHT-001,Tactical Light,97047876.38,0.0851,3026.44,0.2082,25.47,52.65,7.32,85000,0.1004,0.0612
2024-02-01,OPP-GEN-001,Portable Generator,172362219.79,0.1088,2057.4,0.1679,39.8,85.02,8.83,140000,0.1198,0.0227
2024-02-01,OPP-AUTO-001,Auto Parts,194964368.84,0.1198,2384.73,0.149,37.45,76.23,8.07,120000,0.1735,0.0041
2024-02-01,OPP-CIGAR-001,Cigar Accessories,91514867.46,0.0681,2918.47,0.2357,18.31,42.18,6.05,80000,0.2043,-0.003
2024-02-01,OPP-EDC-001,EDC,109312570.43,0.1432,2565.22,0.2279,25.84,55.88,6.9,90000,0.1502,-0.0089
2024-02-01,OPP-CAMP-001,Camping Gear,148293296.8,0.128,2088.61,0.2006,31.86,67.79,8.2,110000,0.148,0.0003
2024-02-01,OPP-LIGHT-001,Tactical Light,97548573.26,0.0921,2780.13,0.2294,23.56,51.28,7.2,85000,0.1836,0.017
2024-03-01,OPP-GEN-001,Portable Generator,174474079.3,0.1119,2043.38,0.2041,41.59,80.11,9.41,140000,0.1931,0.0223
2024-03-01,OPP-AUTO-001,Auto Parts,193524196.0,0.1155,2267.23,0.174,36.81,72.17,7.99,120000,0.1663,-0.007
2024-03-01,OPP-CIGAR-001,Cigar Accessories,92274298.58,0.0741,3012.5,0.1929,20.51,41.8,6.13,80000,0.0751,0.0452
2024-03-01,OPP-EDC-001,EDC,108927320.16,0.1371,2617.02,0.1985,25.0,59.31,7.14,90000,0.1586,0.0429
2024-03-01,OPP-CAMP-001,Camping Gear,149929181.52,0.1145,2238.03,0.1682,32.75,66.89,8.22,110000,0.1073,-0.0009
2024-03-01,OPP-LIGHT-001,Tactical Light,96992536.19,0.0828,2791.91,0.1958,24.32,50.86,7.18,85000,0.1332,-0.0068
2024-04-01,OPP-GEN-001,Portable Generator,172963049.42,0.093,2255.92,0.1698,39.5,83.68,9.38,140000,0.2036,0.0435
2024-04-01,OPP-AUTO-001,Auto Parts,193458008.59,0.1002,2404.21,0.1734,34.35,72.74,7.91,120000,0.2304,0.0137
2024-04-01,OPP-CIGAR-001,Cigar Accessories,91424122.3,0.0704,2882.89,0.1924,18.63,42.32,5.97,80000,0.1992,-0.0024
2024-04-01,OPP-EDC-001,EDC,110127119.77,0.1291,2726.72,0.2098,25.06,57.55,7.04,90000,0.1968,0.0603
2024-04-01,OPP-CAMP-001,Camping Gear,147907664.29,0.1276,2085.83,0.184,33.32,67.93,8.01,110000,0.2116,0.054
2024-04-01,OPP-LIGHT-001,Tactical Light,98600954.72,0.0971,2760.7,0.2218,22.76,54.33,6.88,85000,0.1811,0.0373
2024-05-01,OPP-GEN-001,Portable Generator,180895531.25,0.1043,1985.25,0.1728,41.59,78.93,9.22,140000,0.219,0.0879
2024-05-01,OPP-AUTO-001,Auto Parts,200710940.48,0.1201,2260.66,0.1547,34.07,72.78,7.96,120000,0.2321,0.0642
2024-05-01,OPP-CIGAR-001,Cigar Accessories,95614120.65,0.0818,3023.4,0.2487,19.64,40.61,6.07,80000,0.2121,0.0176
2024-05-01,OPP-EDC-001,EDC,113959436.99,0.134,2544.47,0.2106,25.84,60.06,7.1,90000,0.28,0.0144
2024-05-01,OPP-CAMP-001,Camping Gear,155748462.84,0.1118,2325.58,0.2111,32.91,66.7,8.07,110000,0.1636,0.0876
2024-05-01,OPP-LIGHT-001,Tactical Light,100716925.89,0.0833,2951.59,0.2042,23.35,52.07,7.24,85000,0.208,0.0785
2024-06-01,OPP-GEN-001,Portable Generator,179553866.76,0.0908,2099.05,0.1892,40.08,81.76,9.13,140000,0.1192,0.0173
2024-06-01,OPP-AUTO-001,Auto Parts,203547067.2,0.1129,2329.66,0.1605,34.88,75.51,8.37,120000,0.1863,0.0143
2024-06-01,OPP-CIGAR-001,Cigar Accessories,94438378.56,0.0789,3021.65,0.2272,19.12,41.78,6.16,80000,0.1418,0.0707
2024-06-01,OPP-EDC-001,EDC,112861936.5,0.1362,2718.76,0.2279,25.5,58.4,7.18,90000,0.1554,0.0231
2024-06-01,OPP-CAMP-001,Camping Gear,153994605.73,0.1252,2279.76,0.1664,31.79,67.4,8.36,110000,0.1929,0.0466
2024-06-01,OPP-LIGHT-001,Tactical Light,102822949.87,0.0952,2758.8,0.2049,25.67,53.84,7.12,85000,0.2443,0.046
2024-07-01,OPP-GEN-001,Portable Generator,174646823.63,0.1109,1968.47,0.1799,42.6,79.08,9.4,140000,0.1732,0.0286
2024-07-01,OPP-AUTO-001,Auto Parts,196393747.72,0.1201,2283.79,0.1647,37.52,71.9,8.01,120000,0.1541,0.0606
2024-07-01,OPP-CIGAR-001,Cigar Accessories,92014110.89,0.0772,3172.62,0.245,19.89,40.37,6.28,80000,0.2036,0.0262
2024-07-01,OPP-EDC-001,EDC,108878113.18,0.1379,2672.01,0.2149,25.53,59.34,7.27,90000,0.2115,0.0648
2024-07-01,OPP-CAMP-001,Camping Gear,150880984.8,0.1128,2244.7,0.1774,30.64,70.42,8.39,110000,0.2062,0.0667
2024-07-01,OPP-LIGHT-001,Tactical Light,98746278.68,0.0947,2836.06,0.1869,23.74,52.17,7.11,85000,0.197,0.0234
2024-08-01,OPP-GEN-001,Portable Generator,175372589.56,0.1082,2022.93,0.2008,44.23,82.58,8.75,140000,0.0829,0.0436
2024-08-01,OPP-AUTO-001,Auto Parts,195124487.69,0.116,2277.94,0.1472,35.1,76.63,8.2,120000,0.14,0.0503
2024-08-01,OPP-CIGAR-001,Cigar Accessories,91017473.7,0.0875,2856.89,0.2421,19.83,42.55,6.18,80000,0.1619,0.009
2024-08-01,OPP-EDC-001,EDC,110987863.09,0.1472,2523.55,0.2099,27.81,57.7,7.33,90000,0.2249,0.015
2024-08-01,OPP-CAMP-001,Camping Gear,150825540.88,0.1083,2110.48,0.1972,32.53,71.64,8.29,110000,0.2363,0.0464
2024-08-01,OPP-LIGHT-001,Tactical Light,99301749.5,0.0961,2916.78,0.2162,25.17,54.43,6.95,85000,0.129,0.0446
2024-09-01,OPP-GEN-001,Portable Generator,173074441.1,0.0922,2104.98,0.1726,42.0,82.83,8.82,140000,0.156,0.0104
2024-09-01,OPP-AUTO-001,Auto Parts,196160454.64,0.115,2275.73,0.1392,35.47,71.38,8.36,120000,0.1643,0.043
2024-09-01,OPP-CIGAR-001,Cigar Accessories,92308755.32,0.0817,2948.91,0.237,18.71,40.17,5.91,80000,0.0922,0.0304
2024-09-01,OPP-EDC-001,EDC,110100837.86,0.1409,2453.1,0.1833,25.22,57.41,6.99,90000,0.139,0.0502
2024-09-01,OPP-CAMP-001,Camping Gear,151006605.56,0.1319,2316.53,0.2189,29.18,70.39,8.05,110000,0.2525,0.0391
2024-09-01,OPP-LIGHT-001,Tactical Light,99407787.68,0.101,2965.72,0.1993,25.64,54.34,7.01,85000,0.1753,0.0126
2024-10-01,OPP-GEN-001,Portable Generator,176752712.06,0.1077,2054.98,0.1982,42.1,79.04,9.38,140000,0.0854,0.0311
2024-10-01,OPP-AUTO-001,Auto Parts,199753112.05,0.102,2564.26,0.1623,33.88,71.48,8.19,120000,0.1971,0.0592
2024-10-01,OPP-CIGAR-001,Cigar Accessories,92309555.25,0.0705,3013.59,0.2322,20.46,42.22,6.13,80000,0.2071,0.0498
2024-10-01,OPP-EDC-001,EDC,109526038.46,0.139,2539.42,0.1753,24.64,59.83,7.1,90000,0.2017,0.0082
2024-10-01,OPP-CAMP-001,Camping Gear,150181764.8,0.1173,2246.88,0.186,29.21,70.42,8.1,110000,0.2152,0.0395
2024-10-01,OPP-LIGHT-001,Tactical Light,99939735.98,0.0921,2972.32,0.1844,25.68,50.42,7.23,85000,0.12,-0.0031
2024-11-01,OPP-GEN-001,Portable Generator,182583525.22,0.0985,2062.24,0.1896,42.27,82.66,8.83,140000,0.1671,0.0738
2024-11-01,OPP-AUTO-001,Auto Parts,204990053.46,0.121,2271.87,0.1706,38.45,76.33,8.23,120000,0.1714,0.086
2024-11-01,OPP-CIGAR-001,Cigar Accessories,96071669.5,0.0813,2864.36,0.1903,19.45,41.34,6.27,80000,0.1613,0.0699
2024-11-01,OPP-EDC-001,EDC,115846426.35,0.1363,2568.56,0.2088,26.31,56.52,6.91,90000,0.254,0.0255
2024-11-01,OPP-CAMP-001,Camping Gear,155499059.1,0.1272,2326.81,0.2111,33.19,72.41,8.06,110000,0.2258,0.0333
2024-11-01,OPP-LIGHT-001,Tactical Light,101817837.68,0.0804,2981.21,0.2092,23.67,50.52,7.16,85000,0.1497,0.0596
2024-12-01,OPP-GEN-001,Portable Generator,183520551.45,0.0956,2082.23,0.187,41.28,83.03,9.14,140000,0.168,0.0353
2024-12-01,OPP-AUTO-001,Auto Parts,204723613.81,0.0981,2308.62,0.1433,37.57,73.94,8.3,120000,0.1343,0.0686
2024-12-01,OPP-CIGAR-001,Cigar Accessories,97033599.14,0.0791,2949.15,0.2083,19.33,40.01,6.11,80000,0.2308,0.0787
2024-12-01,OPP-EDC-001,EDC,113797604.91,0.1409,2514.76,0.2232,24.72,56.07,6.8,90000,0.2189,0.0125
2024-12-01,OPP-CAMP-001,Camping Gear,157377199.77,0.1177,2232.41,0.2144,31.53,69.61,8.4,110000,0.2132,0.072
2024-12-01,OPP-LIGHT-001,Tactical Light,102781761.18,0.0834,2997.97,0.224,23.54,52.09,7.08,85000,0.2007,0.0502
